9.453761470283165158e-01,9.544663887766600130e-01,9.663885505168990919e-01,9.779153950464084533e-01,9.843513379971189359e-01,9.812963710208715273e-01,9.664992695395305811e-01,9.408678592662763629e-01,9.086739259998595220e-01,8.743972330486790012e-01,8.423802030791734952e-01,8.150288851834697201e-01,7.968224018695255761e-01,7.872883717675923654e-01,7.891358935911085837e-01,7.972910404451163391e-01,8.345893283918390804e-01,9.786107629873778135e-01
9.499428283806926610e-01,9.611543554401332790e-01,9.735729208552676983e-01,9.828064233001139183e-01,9.838731182118479746e-01,9.727238594271085947e-01,9.495846088246753247e-01,9.171994569328992819e-01,8.820617112108360969e-01,8.486097114856849810e-01,8.208965625442672387e-01,8.005393923758287178e-01,7.898922122953041525e-01,7.900146209574707701e-01,8.036181077669219963e-01,8.185447484327198486e-01,8.704441641843407851e-01,9.498547752518727849e-01
9.551889104532753638e-01,9.676404847435009504e-01,9.793841808117456083e-01,9.849862972473943934e-01,9.790247292099962806e-01,9.594321734819525327e-01,9.293121834638913281e-01,8.928407483646838561e-01,8.576809754912791961e-01,8.275328141244119307e-01,8.057020038792582772e-01,7.931003421079707572e-01,7.916113062581612292e-01,8.013756819352955141e-01,8.252314699152719646e-01,8.465102238490297415e-01,9.083110636338940225e-01,9.020682163252929930e-01
9.608705406849999964e-01,9.735482419178868030e-01,9.833576338123920513e-01,9.838831079395511381e-01,9.699211898730566439e-01,9.428587199861921953e-01,9.070348971160888674e-01,8.694707974514700455e-01,8.371438165764978345e-01,8.121433934276649502e-01,7.972964979296363053e-01,7.925078096276191308e-01,7.996538833418251890e-01,8.194858906201608617e-01,8.533411833062983787e-01,8.800599931770717310e-01,9.444258595068391049e-01,8.483940132489965480e-01
9.665887448508323487e-01,9.788264411557442424e-01,9.851781331372992945e-01,9.791743038747734440e-01,9.568588560028816747e-01,9.236751524450007578e-01,8.852407117479149656e-01,8.486600370839599838e-01,8.205098636847962812e-01,8.018088339846702883e-01,7.948061193080886433e-01,7.989160161379413871e-01,8.147734955981177363e-01,8.440252611205241173e-01,8.853089679314571914e-01,9.144696478501561643e-01,9.701891124319338422e-01,7.988674625069310808e-01
9.719190845501501919e-01,9.829137562889115332e-01,9.845100058187125081e-01,9.712932188815538437e-01,9.414929886601434150e-01,9.032349371034257279e-01,8.645555693877589043e-01,8.316625165078710413e-01,8.083520980026590586e-01,7.972448387336619202e-01,7.978334946448528697e-01,8.106033262127387840e-01,8.358046114036532526e-01,8.723601030568628456e-01,9.178367578350824507e-01,9.456507013025267083e-01,9.826645711113913828e-01,7.562636627169110337e-01
9.768998783090216964e-01,9.851690484871813425e-01,9.811065219639115709e-01,9.603671316212347708e-01,9.243318108130935684e-01,8.839923794222237508e-01,8.463426621252448934e-01,8.179356919514435553e-01,8.012902314039073159e-01,7.974945199396678008e-01,8.065995190588451935e-01,8.280676596807196033e-01,8.602096610827938417e-01,9.021088383375979181e-01,9.474645591898631647e-01,9.697801869309613521e-01,9.773822950756526629e-01,7.215078354611561551e-01
9.810354753827550400e-01,9.856233196556110077e-01,9.749339795331898317e-01,9.468971922444892053e-01,9.060143312415733785e-01,8.653166617784687764e-01,8.311873092158469367e-01,8.081852244173659550e-01,7.987263263758276333e-01,8.026613497233441308e-01,8.199710041439006725e-01,8.498760062281505157e-01,8.884459474438290982e-01,9.315356726699677292e-01,9.704416871566413638e-01,9.819847464909475798e-01,9.573088684615603805e-01,6.949421204615495729e-01
9.840106473835286138e-01,9.840327141437595904e-01,9.662623175200242276e-01,9.321615283072701708e-01,8.883459717633084285e-01,8.489722171905401682e-01,8.190631147566950210e-01,8.024470108519706768e-01,8.006069708474504720e-01,8.126983126818724257e-01,8.376117342307434210e-01,8.744306738011012881e-01,9.165312470636415298e-01,9.570154631037591786e-01,9.813817006865369619e-01,9.797691754857257296e-01,9.268458128410933528e-01,6.759796930540991067e-01
9.858011354421650774e-01,9.803005865331637647e-01,9.554929106663924143e-01,9.163810701140086001e-01,8.716387435398982308e-01,8.346722406327929944e-01,8.103740430489230206e-01,8.008908183536661562e-01,8.067772470440532917e-01,8.270076673170370096e-01,8.591549602584355183e-01,9.004376137120637669e-01,9.426734577242228408e-01,9.760016386663872279e-01,9.808051986932871946e-01,9.649909494168716906e-01,8.890222462561966354e-01,6.633758434411615168e-01
9.861877352355076232e-01,9.745549881209724097e-01,9.431645088366218399e-01,8.999754556138797046e-01,8.556737934319694761e-01,8.230384622796773630e-01,8.052846012215059135e-01,8.031749632021388807e-01,8.168770553509328014e-01,8.448276295829556526e-01,8.832945407819560169e-01,9.278403430560819842e-01,9.655470759808225667e-01,9.828570702333940812e-01,9.683665469761316702e-01,9.397832855891233850e-01,8.485574351347160427e-01,6.566949283738194865e-01
9.848410143472220435e-01,9.664797169525625176e-01,9.289610661874591058e-01,8.836546743499352763e-01,8.417816048611588275e-01,8.141310473641929502e-01,8.037972435392746196e-01,8.097857265550543193e-01,8.316844475541875781e-01,8.667375069304228408e-01,9.100152448216088930e-01,9.532315667785269397e-01,9.791950405513222266e-01,9.780978084288645125e-01,9.409520633120140864e-01,9.031822780147649166e-01,8.098499147012503396e-01,6.562931756907369740e-01
9.818578729602125410e-01,9.567233875069955928e-01,9.141785929017128831e-01,8.682311481735401903e-01,8.299497187343904958e-01,8.086855610875104405e-01,8.056851436960550394e-01,8.201160034991569203e-01,8.501223664722804552e-01,8.915930089968600036e-01,9.356423337500056059e-01,9.710071979572140188e-01,9.823152051326565770e-01,9.624192542595891853e-01,9.076340905992315022e-01,8.653529976152497527e-01,7.739361714269598069e-01,6.610729700592652414e-01
9.771109855527089216e-01,9.454206494936819860e-01,8.992975986281374068e-01,8.539727684786012629e-01,8.203003349861931470e-01,8.059065367840847482e-01,8.109413162998453384e-01,8.341020868866784177e-01,8.717332801124283437e-01,9.169092495138676524e-01,9.591174163485153281e-01,9.824502846979340509e-01,9.750061216834932099e-01,9.337548766685104251e-01,8.716433122012650081e-01,8.280150669861114920e-01,7.408783016773513586e-01,6.719876971872192906e-01
9.705825487174418731e-01,9.326500634412876467e-01,8.839549986485915056e-01,8.413245780545481889e-01,8.135031946524463597e-01,8.067133206266812184e-01,8.206637773120638579e-01,8.525203093146359601e-01,8.960382884157752637e-01,9.421624298529690522e-01,9.757451766948178618e-01,9.823887398396528026e-01,9.544801597856660269e-01,8.972441779996657152e-01,8.317897720321306698e-01,7.894961600355453468e-01,7.126109887375539076e-01,6.899240725345061609e-01
9.592541558656462186e-01,9.144229197560260758e-01,8.646905181646049598e-01,8.274027754813496616e-01,8.092799314123687582e-01,8.142643725236172747e-01,8.409366871144623445e-01,8.831599091162810611e-01,9.313634748514240114e-01,9.703564801628387082e-01,9.837650154509244294e-01,9.595215098670275555e-01,9.097819336051566896e-01,8.469598037714130001e-01,7.787751716441988492e-01,7.421459321564015665e-01,6.863828218824239435e-01,7.257630788404340061e-01
9.506354046932219415e-01,9.023427313334985156e-01,8.534735949849286962e-01,8.204610483590139003e-01,8.097112894133988714e-01,8.227392475382534487e-01,8.572970901648295783e-01,9.052791685173471325e-01,9.523922485390943216e-01,9.811375546825337191e-01,9.764495940778419314e-01,9.356379699035007880e-01,8.771732140151879964e-01,8.092898492555313794e-01,7.512857205865781651e-01,7.201673541742765750e-01,6.710361717911688118e-01,7.601273032231056215e-01
9.453336541955011940e-01,8.953376280945879451e-01,8.469475790697578166e-01,8.167038995235509358e-01,8.098238359279829046e-01,8.271561390492957466e-01,8.659097312176321504e-01,9.162803059057391675e-01,9.613468623998991935e-01,9.831914355148203555e-01,9.690704852311360362e-01,9.209185073184121828e-01,8.597324118149113348e-01,7.922495649432497178e-01,7.379530508748631812e-01,7.094106367813003411e-01,6.667333898975761342e-01,7.754244153508103032e-01
